precision,accuracy,recall,duration
0.9536379489017447,0.9557251908396946,0.953602655845122,3484.3886704444885
