best_model_train_loss,best_model_val_loss,best_model_train_acc,best_model_val_acc,best_model_learning_rate,best_model_nb_epoch
0.13250400125980377,0.31938230991363525,0.9399999976158142,0.8600000143051147,0.0010000000474974513,4363
