precision,accuracy,recall,duration
0.8556985294117647,0.86,0.8359375,263.70086884498596
