precision,accuracy,recall,duration
0.8930873878935331,0.8844783715012723,0.8845102066556785,2365.805328845978
