precision,accuracy,recall,duration
0.9907245532245532,0.9907084785133565,0.9907351449353565,2367.4334275722504
