precision,accuracy,recall,duration
0.9281746031746032,0.9279907084785134,0.9279343204334032,2841.4302163124084
