precision,accuracy,recall,duration
0.896789563367594,0.8943089430894309,0.8945414517277849,272.9375231266022
