precision,accuracy,recall,duration
0.7186873160737852,0.9273333333333333,0.5074759729179693,1280.3939845561981
