precision,accuracy,recall,duration
0.9795138176438191,0.9790940766550522,0.979187800824502,4025.5717067718506
