precision,accuracy,recall,duration
0.6138537258898579,0.9415555555555556,0.54943776260415,2307.299244403839
