best_model_train_loss,best_model_val_loss,best_model_train_acc,best_model_val_acc,best_model_learning_rate,best_model_nb_epoch
0.3758483827114105,0.30418628454208374,0.8638888597488403,0.9134860038757324,0.0010000000474974513,4996
