precision,accuracy,recall,duration
0.9135823336570578,0.9134860050890585,0.9122833443913871,2854.80824136734
