precision,accuracy,recall,duration
0.8983082410230716,0.9022900763358779,0.8985044288975212,1559.2127254009247
