precision,accuracy,recall,duration
0.9446938395436423,0.9496183206106871,0.9459986850492658,3225.338539123535
