precision,accuracy,recall,duration
0.6955454265798136,0.9393333333333334,0.5789380568607928,1262.4502530097961
