precision,accuracy,recall,duration
0.8097426470588236,0.82,0.7925347222222222,128.3624620437622
