precision,accuracy,recall,duration
0.9462485393182689,0.9506361323155216,0.9466584739693802,3006.2141053676605
