precision,accuracy,recall,duration
0.9587004918428225,0.9597964376590331,0.9585991592023566,2856.9086792469025
