precision,accuracy,recall,duration
0.9500427285022304,0.9521628498727736,0.9512075704495654,3226.1892206668854
