precision,accuracy,recall,duration
0.9585188482205,0.961323155216285,0.9584331555486881,3484.4377324581146
