precision,accuracy,recall,duration
0.716051866927349,0.94,0.5500983700647749,2011.4739353656769
