precision,accuracy,recall,duration
0.8620019358753158,0.8631043256997456,0.8628097733141512,1190.2940595149994
