precision,accuracy,recall,duration
0.6797814859748094,0.9371111111111111,0.5500101422367304,964.9690217971802
